year,total,violent,property,homicide,rape,robbery,agg_assault,burglary,larceny,auto_theft
1963,3738.8,157.1,3581.7,10.9,11.8,83.6,50.8,1106.4,1179.4,1296.0
1964,3689.3,209.6,3479.8,14.1,42.5,78.6,74.3,1185.2,1035.6,1259.0
1965,3188.9,303.2,2885.7,13.0,33.4,66.1,190.6,949.7,921.6,1014.5
1966,4098.1,413.0,3685.1,11.4,55.7,71.4,274.5,1153.2,1557.1,974.8
1967,5660.6,915.1,4745.6,13.4,58.0,146.2,697.5,1365.8,1995.8,1383.9
1968,5870.5,845.7,5024.8,17.1,52.3,182.2,594.1,1328.5,1997.5,1698.8
1969,5634.9,572.4,5062.5,16.5,72.6,188.9,294.4,1420.4,1887.4,1754.8
1970,5629.0,704.0,4925.0,14.1,58.3,226.6,405.0,1548.2,1676.6,1700.2
1971,6266.6,847.1,5419.5,16.1,84.5,259.4,487.2,1812.1,2228.3,1379.1
1972,5045.1,661.3,4383.9,14.8,55.3,239.0,352.1,1451.0,1913.6,1019.3
1973,5727.9,664.0,5064.0,20.7,87.2,270.2,285.9,1825.8,2202.2,1036.0
1974,6091.9,637.5,5454.4,20.0,56.1,331.5,229.9,2209.1,2390.4,854.9
1975,7245.3,697.4,6547.8,19.6,56.4,421.2,200.2,1997.9,3637.2,912.7
1976,6457.5,629.1,5828.4,15.4,65.5,358.8,189.4,1852.5,3293.1,682.7
1977,5643.7,664.8,4979.0,16.9,94.0,348.0,205.8,1799.8,2505.4,673.8
1978,5731.9,713.0,5018.9,16.7,108.9,364.6,222.8,1772.2,2523.3,723.4
1979,6102.7,750.8,5352.0,18.4,134.0,354.5,243.8,1931.6,2772.7,647.6
1980,7651.6,849.8,6801.8,18.2,150.6,424.2,256.8,2403.0,3597.4,801.3
1981,7275.4,752.9,6522.5,16.4,184.0,331.3,221.2,2152.9,3734.7,634.9
1982,7423.5,765.9,6657.6,13.8,161.6,343.1,247.3,1967.4,4207.0,483.2
1983,6644.7,770.0,5874.7,17.0,162.0,351.2,239.7,1763.6,3608.3,502.8
1984,6622.2,752.5,5869.7,14.7,203.7,292.9,241.3,1789.8,3539.5,540.4
1985,6590.2,784.5,5805.7,16.6,171.7,321.3,274.9,1737.2,3593.8,474.7
1986,7855.3,966.4,6888.8,18.9,201.0,392.5,354.1,2287.0,3965.1,636.8
1987,8833.6,1202.5,7631.2,20.0,254.2,470.6,457.8,2274.5,4515.7,840.9
1988,7506.2,1182.2,6324.0,16.3,224.5,387.6,554.0,1758.5,4009.0,556.5
1989,7006.8,1167.7,5839.1,13.6,229.7,316.9,607.5,1588.6,3741.8,508.7
1990,7857.0,1503.7,6353.3,12.9,264.1,423.7,803.1,1740.9,3938.1,674.4
1991,8606.2,1689.5,6916.7,17.2,242.6,512.5,917.2,1997.5,4220.5,698.7
1992,9668.7,1740.8,7927.9,17.0,232.4,510.5,980.9,1959.0,4995.4,973.5
1993,10902.9,1890.6,9012.3,16.1,266.3,512.6,1095.7,1731.1,6141.0,1140.2
1994,10159.5,1891.0,8268.5,13.7,231.8,496.2,1149.3,1560.9,5385.0,1322.5
1995,10831.4,1864.9,8966.5,19.4,219.8,495.1,1130.6,1524.2,5619.3,1823.0
1996,11147.0,1963.2,9183.8,16.7,217.4,532.7,1196.3,1469.1,6076.9,1637.8
1997,11000.9,1826.0,9174.8,20.3,242.9,467.8,1095.0,1599.9,5921.9,1653.1
1998,9783.6,1657.3,8126.3,17.4,211.1,398.7,1030.2,1343.6,5517.6,1265.1
1999,8450.0,1607.8,6842.1,12.1,198.9,347.5,1049.3,1234.4,4627.8,979.8
2000,8814.9,1732.5,7082.5,13.0,195.2,413.6,1110.7,1351.1,4797.2,934.1
2001,9021.2,1714.6,7306.6,11.5,188.7,457.8,1056.5,1372.8,4969.0,964.8
2002,8183.3,1626.9,6556.4,11.2,187.5,370.3,1057.9,1296.6,4415.0,844.9
2003,8380.6,1542.0,6838.6,12.3,145.8,383.6,1000.3,1259.9,4728.1,850.6
2004,7981.4,1582.7,6398.7,9.8,161.0,361.9,1049.9,1163.2,4510.3,725.2
2005,7798.2,1587.3,6210.9,16.3,143.7,407.1,1020.3,1074.0,4567.5,569.4
2006,7294.9,1543.2,5751.8,13.4,134.4,417.2,978.2,1091.5,4160.5,499.8
2007,7107.4,1541.6,5565.6,12.0,136.4,429.6,963.6,1030.2,4096.9,438.5
2008,6870.4,1443.9,5426.5,12.1,126.2,388.1,917.5,1019.0,4047.4,360.1
2009,5927.1,1183.3,4743.8,12.6,109.7,316.7,744.4,1052.7,3424.4,266.7
2010,6050.0,1183.8,4866.2,9.6,128.4,288.3,757.5,1248.0,3359.4,258.7
2011,5917.1,1239.6,4677.5,8.1,147.0,299.9,784.6,1181.4,3221.1,275.1
2012,5427.0,1229.5,4197.6,9.9,88.3,274.1,857.2,915.9,3063.8,217.9
2013,5098.1,1117.8,3980.2,6.4,86.0,260.5,764.9,905.0,2883.9,191.3
2014,5041.1,1190.9,3850.2,6.5,96.7,245.4,842.3,762.0,2861.9,226.3
2015,5050.3,1140.8,3909.5,12.0,92.0,288.7,748.0,777.3,2853.7,278.5
2016,5094.6,1142.7,3951.9,12.5,85.2,302.4,742.6,690.8,2824.9,436.2
2017,5134.9,1161.8,3973.1,16.5,84.5,306.6,754.2,627.1,2857.1,489.0
2018,5352.6,1150.1,4202.5,13.1,84.8,313.3,739.0,535.2,3092.6,574.7
2019,5322.0,1105.2,4216.8,12.2,75.6,290.6,726.7,498.4,3206.3,512.0
2020,5475.8,1190.0,4285.7,16.5,69.6,259.3,844.7,533.2,3171.3,581.3
2021,5080.0,1243.2,3836.8,14.8,76.6,238.0,913.8,475.8,2815.3,545.7
2022,5335.1,1300.1,4035.1,15.8,75.1,210.1,999.2,511.1,2972.9,551.0
2023,5945.4,1270.8,4674.7,14.7,76.6,186.4,993.0,414.8,3314.1,945.8
2024,5737.5,1173.9,4557.6,14.3,89.5,162.8,913.3,406.7,3311.2,839.7
